"category","product_family","product_name","product_slug","url","business_status","short_description","opening_size","operating_speed","usage_cycle","wind_rating","insulation","fire_rating","variants","applications","industries","related_products","technical_completeness","confidence_level","research_sources"
"High Speed Doors","Roll-Up High Speed Doors","High Speed Roll-Up Door","high-speed-roll-up-door","/products/high-speed-doors/high-speed-roll-up-door","CONFIRMED","Flexible PVC curtain rolling onto a drum above the opening, up to 5,000 × 5,000 mm, opening at 0.8–2.5 m/s under PLC, inverter and encoder control.","SPECIFICATION REQUIRES BUSINESS CONFIRMATION","0.8–2.5 m/s","SPECIFICATION REQUIRES BUSINESS CONFIRMATION","SPECIFICATION REQUIRES BUSINESS CONFIRMATION","SPECIFICATION REQUIRES BUSINESS CONFIRMATION","SPECIFICATION REQUIRES BUSINESS CONFIRMATION","Internal mounting | External mounting | Stainless steel frame and guides","Warehouses | Factories | Logistics facilities | Workshops | Production areas | Material movement areas","Warehousing & Logistics | Manufacturing | Automotive | Cold Chain & Food Processing","high-speed-fold-up-door | high-speed-self-repairing-door | high-speed-cold-storage-freezer-door","19/19 (100%)","High","Standard Automation published product page | research/market-product-research.md"
"High Speed Doors","Fold-Up High Speed Doors","High Speed Fold-Up Door","high-speed-fold-up-door","/products/high-speed-doors/high-speed-fold-up-door","CONFIRMED","Reinforced PVC-coated curtain folding into a stack above the opening, up to 5,000 × 8,000 mm, at 0.8–2.5 m/s in both directions.","SPECIFICATION REQUIRES BUSINESS CONFIRMATION","0.8–2.5 m/s","SPECIFICATION REQUIRES BUSINESS CONFIRMATION","SPECIFICATION REQUIRES BUSINESS CONFIRMATION","SPECIFICATION REQUIRES BUSINESS CONFIRMATION","SPECIFICATION REQUIRES BUSINESS CONFIRMATION","Internal mounting | External mounting | Class 3 wind configuration","Large logistics openings | Warehouses | Manufacturing facilities | Loading areas | Industrial buildings | High-frequency traffic areas","Warehousing & Logistics | Manufacturing | Automotive","high-speed-roll-up-door | high-speed-rigid-insulated-door | high-speed-self-repairing-door","18/18 (100%)","High","Standard Automation published product page | research/market-product-research.md"
"High Speed Doors","Roll-Up High Speed Doors","High Speed Self-Repairing Door","high-speed-self-repairing-door","/products/high-speed-doors/high-speed-self-repairing-door","CONFIRMED","Flexible reinforced PVC curtain that leaves its guides on impact and re-enters them automatically, for openings where forklift contact is routine.","SPECIFICATION REQUIRES BUSINESS CONFIRMATION","Up to 2.0–2.5 m/s","SPECIFICATION REQUIRES BUSINESS CONFIRMATION","SPECIFICATION REQUIRES BUSINESS CONFIRMATION","SPECIFICATION REQUIRES BUSINESS CONFIRMATION","SPECIFICATION REQUIRES BUSINESS CONFIRMATION","Class 2 wind configuration | Class 3 wind configuration","Forklift traffic | Warehouses | Factories | Logistics facilities | Production areas | Material handling areas","Warehousing & Logistics | Manufacturing | Automotive | Cold Chain & Food Processing","high-speed-roll-up-door | high-speed-fold-up-door | high-speed-cold-storage-freezer-door","16/16 (100%)","High","Standard Automation published product page | research/market-product-research.md"
"High Speed Doors","Spiral High Speed Doors","High Speed Spiral Door","high-speed-spiral-door","/products/high-speed-doors/high-speed-spiral-door","CONFIRMED","Insulated rigid aluminium panels carried into a spiral track above the opening, up to 5,000–6,000 mm each way, opening at up to 2.5 m/s.","SPECIFICATION REQUIRES BUSINESS CONFIRMATION","Up to 2.5 m/s","SPECIFICATION REQUIRES BUSINESS CONFIRMATION","SPECIFICATION REQUIRES BUSINESS CONFIRMATION","SPECIFICATION REQUIRES BUSINESS CONFIRMATION","SPECIFICATION REQUIRES BUSINESS CONFIRMATION","Insulated panel configuration | Transparent panel configuration","External factory entrances | Warehouses | Logistics facilities | Industrial buildings | High-traffic entrances | Temperature-controlled areas","Manufacturing | Warehousing & Logistics | Cold Chain & Food Processing | Automotive","high-speed-rigid-insulated-door | high-speed-fold-up-door | high-speed-roll-up-door","17/17 (100%)","High","research/market-product-research.md | 2026-09-05 market review"
"High Speed Doors","Rigid Panel High Speed Doors","High Speed Rigid / Insulated Door","high-speed-rigid-insulated-door","/products/high-speed-doors/high-speed-rigid-insulated-door","CONFIRMED","Double-skin insulated rigid panels up to 5,000 × 7,500 mm, opening at approximately 1.2–1.5 m/s under PLC, inverter and encoder control.","SPECIFICATION REQUIRES BUSINESS CONFIRMATION","Approximately 1.2–1.5 m/s","SPECIFICATION REQUIRES BUSINESS CONFIRMATION","SPECIFICATION REQUIRES BUSINESS CONFIRMATION","SPECIFICATION REQUIRES BUSINESS CONFIRMATION","SPECIFICATION REQUIRES BUSINESS CONFIRMATION","External configuration | Thermal separation configuration","External industrial entrances | Warehouses | Loading areas | Manufacturing facilities | Temperature-controlled spaces | High-traffic industrial buildings","Manufacturing | Warehousing & Logistics | Cold Chain & Food Processing | Automotive","high-speed-spiral-door | high-speed-fold-up-door | industrial-sectional-overhead-doors","15/15 (100%)","High","Standard Automation published product page | research/market-product-research.md"
"High Speed Doors","Controlled Environment High Speed Doors","High Speed Cleanroom / Hygiene Door","high-speed-cleanroom-hygiene-door","/products/high-speed-doors/high-speed-cleanroom-hygiene-door","CONFIRMED","Sealed rapid-door assembly with a hygienic PVC curtain, stainless steel or hygienic-coated frame and guides, and side and bottom seals.","SPECIFICATION REQUIRES BUSINESS CONFIRMATION","Application dependent","SPECIFICATION REQUIRES BUSINESS CONFIRMATION","SPECIFICATION REQUIRES BUSINESS CONFIRMATION","SPECIFICATION REQUIRES BUSINESS CONFIRMATION","SPECIFICATION REQUIRES BUSINESS CONFIRMATION","Stainless steel construction | Hygienic-coated construction","Pharmaceutical manufacturing | Healthcare facilities | Food processing | Food manufacturing | Laboratories | Controlled production areas | Hygiene-sensitive environments","Pharmaceutical & Cleanroom | Healthcare | Cold Chain & Food Processing | Manufacturing","high-speed-cold-storage-freezer-door | hermetic-cleanroom-doors | high-speed-roll-up-door","14/16 (88%)","High","research/market-product-research.md | 2026-09-05 market review"
"High Speed Doors","Controlled Environment High Speed Doors","High Speed Cold Storage / Freezer Door","high-speed-cold-storage-freezer-door","/products/high-speed-doors/high-speed-cold-storage-freezer-door","CONFIRMED","Insulated flexible PVC or specialist cold-temperature curtain with heated or temperature-resistant guides and a cold-storage bottom seal, under frequency control.","SPECIFICATION REQUIRES BUSINESS CONFIRMATION","Application dependent","SPECIFICATION REQUIRES BUSINESS CONFIRMATION","SPECIFICATION REQUIRES BUSINESS CONFIRMATION","SPECIFICATION REQUIRES BUSINESS CONFIRMATION","SPECIFICATION REQUIRES BUSINESS CONFIRMATION","Heated guide configuration | Temperature-resistant guide configuration","Cold rooms | Frozen storage | Cold-chain logistics | Food processing | Temperature-controlled warehouses | Refrigerated production areas","Cold Chain & Food Processing | Warehousing & Logistics | Manufacturing | Pharmaceutical & Cleanroom","high-speed-cleanroom-hygiene-door | high-speed-rigid-insulated-door | insulated-double-wall-rolling-shutters","13/15 (87%)","High","research/market-product-research.md | 2026-09-05 market review"
"Industrial Doors","Sectional Overhead Doors","Industrial Sectional Overhead Doors","industrial-sectional-overhead-doors","/products/industrial-doors/industrial-sectional-overhead-doors","CONFIRMED","Insulated sectional doors in aluminium or galvanized steel with a PUF core, 40–50 mm thick, spanning up to 10 m, in manual and motorised configurations.","Up to 10 m wide","SPECIFICATION REQUIRES BUSINESS CONFIRMATION","SPECIFICATION REQUIRES BUSINESS CONFIRMATION","EN 12424","SPECIFICATION REQUIRES BUSINESS CONFIRMATION","SPECIFICATION REQUIRES BUSINESS CONFIRMATION","Standard lift | High lift | Vertical lift | Low headroom | Glazed vision panels | Wicket access door","Warehouse and factory external openings | Large apertures over 16 sq m | Vehicle and workshop access doors | Industrial units and godowns | Dispatch bays, usually paired with a dock leveller","Manufacturing | Warehousing & Logistics | Automotive | Cold Chain & Food Processing","aluminium-garage-doors | high-speed-rigid-insulated-door | insulated-double-wall-rolling-shutters","9/37 (24%)","High","Standard Automation published product page | research/market-product-research.md"
"Industrial Doors","Garage Doors","Aluminium Garage Doors","aluminium-garage-doors","/products/industrial-doors/aluminium-garage-doors","CONFIRMED","Sectional garage doors in aluminium with glazed panels, powder-coated hardware and a full set of counterbalance safety devices.","SPECIFICATION REQUIRES BUSINESS CONFIRMATION","SPECIFICATION REQUIRES BUSINESS CONFIRMATION","SPECIFICATION REQUIRES BUSINESS CONFIRMATION","EN 12424","SPECIFICATION REQUIRES BUSINESS CONFIRMATION","SPECIFICATION REQUIRES BUSINESS CONFIRMATION","Full-vision glazed | Insulated panel","Showroom and display frontages | Commercial garages and service bays | Premium residential garages | Openings up to 10 m wide","Retail & Commercial | Automotive","residential-garage-doors | industrial-sectional-overhead-doors | high-speed-rigid-insulated-door","7/37 (19%)","High","Standard Automation published product page | research/market-product-research.md"
"Industrial Doors","Garage Doors","Residential Garage Doors","residential-garage-doors","/products/industrial-doors/residential-garage-doors","CONFIRMED","Insulated steel sectional garage doors with remote operation, IP55 hardware and full counterbalance safety devices.","SPECIFICATION REQUIRES BUSINESS CONFIRMATION","SPECIFICATION REQUIRES BUSINESS CONFIRMATION","SPECIFICATION REQUIRES BUSINESS CONFIRMATION","EN 12424","SPECIFICATION REQUIRES BUSINESS CONFIRMATION","SPECIFICATION REQUIRES BUSINESS CONFIRMATION","Remote operated | Manual with counterbalance","Private residences and villas | Apartment and society parking | Small commercial garages","Retail & Commercial","aluminium-garage-doors | industrial-sectional-overhead-doors | automatic-swing-gates","5/37 (14%)","High","Standard Automation published product page | research/market-product-research.md"
"Rolling Shutters","Single-Wall Rolling Shutters","Galvanized Steel Rolling Shutters","galvanized-steel-rolling-shutters","/products/rolling-shutters/galvanized-steel-rolling-shutters","CONFIRMED","Galvanized steel rolling shutters in 75, 125 and 150 mm slat profiles, 0.80–1.2 mm thick, for factory, warehouse and large-aperture openings.","SPECIFICATION REQUIRES BUSINESS CONFIRMATION","SPECIFICATION REQUIRES BUSINESS CONFIRMATION","SPECIFICATION REQUIRES BUSINESS CONFIRMATION","SPECIFICATION REQUIRES BUSINESS CONFIRMATION","SPECIFICATION REQUIRES BUSINESS CONFIRMATION","SPECIFICATION REQUIRES BUSINESS CONFIRMATION","Manual push-pull or gear | Motorised","Warehouses and godowns | Factories and industrial units | Large apertures over 16 sq m | Commercial and retail frontages | Basement and parking entries","Manufacturing | Warehousing & Logistics | Retail & Commercial","insulated-double-wall-rolling-shutters | aluminium-rolling-shutters | grille-rolling-shutters","6/38 (16%)","High","Standard Automation published product page | research/market-product-research.md"
"Rolling Shutters","Single-Wall Rolling Shutters","Aluminium Rolling Shutters","aluminium-rolling-shutters","/products/rolling-shutters/aluminium-rolling-shutters","CONFIRMED","Aluminium rolling shutters in 55 and 75 mm slat profiles, single and double wall, 0.45–1.00 mm, for shopfronts and commercial openings.","SPECIFICATION REQUIRES BUSINESS CONFIRMATION","SPECIFICATION REQUIRES BUSINESS CONFIRMATION","SPECIFICATION REQUIRES BUSINESS CONFIRMATION","SPECIFICATION REQUIRES BUSINESS CONFIRMATION","SPECIFICATION REQUIRES BUSINESS CONFIRMATION","SPECIFICATION REQUIRES BUSINESS CONFIRMATION","Single wall | Double wall","Shopfronts and showrooms | Commercial and office frontages | Malls and retail units | Service counters and kiosks","Retail & Commercial","perforated-rolling-shutters | polycarbonate-rolling-shutters | galvanized-steel-rolling-shutters","6/38 (16%)","High","Standard Automation published product page | research/market-product-research.md"
"Rolling Shutters","Single-Wall Rolling Shutters","Grille Rolling Shutters","grille-rolling-shutters","/products/rolling-shutters/grille-rolling-shutters","CONFIRMED","Bright bar grille shutters that secure an opening while keeping the frontage visible and allowing air to move through it.","SPECIFICATION REQUIRES BUSINESS CONFIRMATION","SPECIFICATION REQUIRES BUSINESS CONFIRMATION","SPECIFICATION REQUIRES BUSINESS CONFIRMATION","SPECIFICATION REQUIRES BUSINESS CONFIRMATION","SPECIFICATION REQUIRES BUSINESS CONFIRMATION","SPECIFICATION REQUIRES BUSINESS CONFIRMATION","Bright bar lattice","Shopping mall units | Parking and basement entries | Service and plant areas | Showroom frontages","Retail & Commercial | Infrastructure & Transit","perforated-rolling-shutters | polycarbonate-rolling-shutters | galvanized-steel-rolling-shutters","0/38 (0%)","High","Standard Automation published product page | research/market-product-research.md"
"Rolling Shutters","Single-Wall Rolling Shutters","Perforated Rolling Shutters","perforated-rolling-shutters","/products/rolling-shutters/perforated-rolling-shutters","CONFIRMED","Perforated slat shutters that keep the rigidity of a solid curtain while admitting light and ventilation through the closed opening.","SPECIFICATION REQUIRES BUSINESS CONFIRMATION","SPECIFICATION REQUIRES BUSINESS CONFIRMATION","SPECIFICATION REQUIRES BUSINESS CONFIRMATION","SPECIFICATION REQUIRES BUSINESS CONFIRMATION","SPECIFICATION REQUIRES BUSINESS CONFIRMATION","SPECIFICATION REQUIRES BUSINESS CONFIRMATION","Perforated slat","Retail and showroom frontages | Parking and ventilated service areas | Mall and arcade units | Openings needing light and security together","Retail & Commercial","grille-rolling-shutters | polycarbonate-rolling-shutters | aluminium-rolling-shutters","0/38 (0%)","High","Standard Automation published product page | research/market-product-research.md"
"Rolling Shutters","Single-Wall Rolling Shutters","Polycarbonate Rolling Shutters","polycarbonate-rolling-shutters","/products/rolling-shutters/polycarbonate-rolling-shutters","CONFIRMED","Transparent polycarbonate shutters in 85–170 mm profiles, cutting around 80% of incident UV while keeping the frontage visible.","SPECIFICATION REQUIRES BUSINESS CONFIRMATION","SPECIFICATION REQUIRES BUSINESS CONFIRMATION","SPECIFICATION REQUIRES BUSINESS CONFIRMATION","SPECIFICATION REQUIRES BUSINESS CONFIRMATION","SPECIFICATION REQUIRES BUSINESS CONFIRMATION","SPECIFICATION REQUIRES BUSINESS CONFIRMATION","Fully transparent | Mixed polycarbonate and steel slat","Retail units and high-grade shops | Shopping malls and arcades | Exhibition and display centres | Showrooms and commercial frontages","Retail & Commercial","grille-rolling-shutters | perforated-rolling-shutters | aluminium-rolling-shutters","7/38 (18%)","High","Standard Automation published product page | research/market-product-research.md"
"Rolling Shutters","Insulated Rolling Shutters","Insulated Double-Wall Rolling Shutters","insulated-double-wall-rolling-shutters","/products/rolling-shutters/insulated-double-wall-rolling-shutters","CONFIRMED","Double-wall insulated shutters for openings that need thermal and acoustic separation as well as security, without giving up the compact roll.","SPECIFICATION REQUIRES BUSINESS CONFIRMATION","SPECIFICATION REQUIRES BUSINESS CONFIRMATION","SPECIFICATION REQUIRES BUSINESS CONFIRMATION","SPECIFICATION REQUIRES BUSINESS CONFIRMATION","SPECIFICATION REQUIRES BUSINESS CONFIRMATION","SPECIFICATION REQUIRES BUSINESS CONFIRMATION","Galvanised insulated | Aluminium insulated","Openings between conditioned and unconditioned space | Cold and chilled storage areas | Noise-sensitive industrial and urban sites | Workshops and service bays","Manufacturing | Cold Chain & Food Processing | Warehousing & Logistics","galvanized-steel-rolling-shutters | fire-rated-rolling-shutters | high-speed-rigid-insulated-door","0/38 (0%)","Medium","Standard Automation published product page | research/market-product-research.md"
"Fire & Safety Doors","Fire Rated Shutters","Fire Rated Rolling Shutters","fire-rated-rolling-shutters","/products/fire-safety-doors/fire-rated-rolling-shutters","CONFIRMED","Galvanised double-wall, silicon-insulated shutters in 75 and 100 mm profiles with a stated 21 dB sound reduction, for openings in fire-rated walls.","SPECIFICATION REQUIRES BUSINESS CONFIRMATION","SPECIFICATION REQUIRES BUSINESS CONFIRMATION","SPECIFICATION REQUIRES BUSINESS CONFIRMATION","SPECIFICATION REQUIRES BUSINESS CONFIRMATION","SPECIFICATION REQUIRES BUSINESS CONFIRMATION","SPECIFICATION REQUIRES BUSINESS CONFIRMATION","Galvanised double-wall insulated | Alarm-linked auto-close","Fire compartment openings | Warehouse and plant separations | Basement, service and plant rooms | Commercial buildings with rated wall lines","Manufacturing | Warehousing & Logistics | Retail & Commercial | Healthcare","fire-rated-sliding-doors | insulated-double-wall-rolling-shutters | galvanized-steel-rolling-shutters","6/49 (12%)","Medium","Standard Automation published product page | research/market-product-research.md"
"Fire & Safety Doors","Fire Rated Doors","Fire Rated Sliding Doors","fire-rated-sliding-doors","/products/fire-safety-doors/fire-rated-sliding-doors","CONFIRMED","Automatic sliding doors with HPL, painted steel or powder-coated aluminium leaves, lead-lined options and glazed vision panels, for hospital, clean room and cold store openings.","SPECIFICATION REQUIRES BUSINESS CONFIRMATION","SPECIFICATION REQUIRES BUSINESS CONFIRMATION","SPECIFICATION REQUIRES BUSINESS CONFIRMATION","SPECIFICATION REQUIRES BUSINESS CONFIRMATION","SPECIFICATION REQUIRES BUSINESS CONFIRMATION","SPECIFICATION REQUIRES BUSINESS CONFIRMATION","Automatic operation | Lead-lined / shielded | Glazed vision panel","Hospitals and diagnostic suites | Clean rooms and controlled areas | Cold storage systems | Warehouse compartment openings","Healthcare | Pharmaceutical & Cleanroom | Cold Chain & Food Processing","fire-rated-rolling-shutters | automatic-sliding-glass-doors | high-speed-roll-up-door","6/32 (19%)","Medium","Standard Automation published product page | research/market-product-research.md"
"Automatic Gates","Sliding Gates","Automatic Sliding Gates","automatic-sliding-gates","/products/automatic-gates/automatic-sliding-gates","CONFIRMED","Motorised sliding gates for factory, warehouse and campus entrances, running on a floor track or cantilevered clear of the driveway.","SPECIFICATION REQUIRES BUSINESS CONFIRMATION","SPECIFICATION REQUIRES BUSINESS CONFIRMATION","SPECIFICATION REQUIRES BUSINESS CONFIRMATION","SPECIFICATION REQUIRES BUSINESS CONFIRMATION","SPECIFICATION REQUIRES BUSINESS CONFIRMATION","SPECIFICATION REQUIRES BUSINESS CONFIRMATION","Track guided | Cantilever","Factory and plant main gates | Warehouse and logistics yards | Corporate campus vehicle entries | Housing societies and gated developments","Manufacturing | Warehousing & Logistics | Retail & Commercial | Infrastructure & Transit","telescopic-sliding-gates | automatic-swing-gates | boom-barriers","0/32 (0%)","High","Standard Automation published product page | research/market-product-research.md"
"Automatic Gates","Sliding Gates","Telescopic Sliding Gates","telescopic-sliding-gates","/products/automatic-gates/telescopic-sliding-gates","CONFIRMED","Multi-leaf sliding gates whose panels nest as they retract, for wide openings on boundaries too short for a single leaf.","SPECIFICATION REQUIRES BUSINESS CONFIRMATION","SPECIFICATION REQUIRES BUSINESS CONFIRMATION","SPECIFICATION REQUIRES BUSINESS CONFIRMATION","SPECIFICATION REQUIRES BUSINESS CONFIRMATION","SPECIFICATION REQUIRES BUSINESS CONFIRMATION","SPECIFICATION REQUIRES BUSINESS CONFIRMATION","Two-leaf nesting | Three-leaf nesting","Constrained industrial entrances | Urban plots with limited boundary run | Commercial premises on narrow frontages | Yards needing a wide clear opening","Manufacturing | Warehousing & Logistics | Retail & Commercial","automatic-sliding-gates | retractable-gates | boom-barriers","0/32 (0%)","High","Standard Automation published product page | research/market-product-research.md"
"Automatic Gates","Swing Gates","Automatic Swing Gates","automatic-swing-gates","/products/automatic-gates/automatic-swing-gates","CONFIRMED","Single or double leaf swing gates with articulated arm, linear ram or underground operators, and nothing crossing the driveway.","SPECIFICATION REQUIRES BUSINESS CONFIRMATION","SPECIFICATION REQUIRES BUSINESS CONFIRMATION","SPECIFICATION REQUIRES BUSINESS CONFIRMATION","SPECIFICATION REQUIRES BUSINESS CONFIRMATION","SPECIFICATION REQUIRES BUSINESS CONFIRMATION","SPECIFICATION REQUIRES BUSINESS CONFIRMATION","Articulated arm operator | Linear ram operator | Underground operator","Residential and villa entrances | Housing society side gates | Office and institutional entrances | Secondary gates on industrial sites","Retail & Commercial | Manufacturing | Healthcare","automatic-sliding-gates | telescopic-sliding-gates | retractable-gates","0/32 (0%)","High","Standard Automation published product page | research/market-product-research.md"
"Automatic Gates","Retractable Gates","Retractable Gates","retractable-gates","/products/automatic-gates/retractable-gates","CONFIRMED","Motorised retractable gates in lengths to 30 m and a standard 1.6 m height, trackless or on single and double tracks, with 220 V drive and remote control.","30 m","17–19 m/min","SPECIFICATION REQUIRES BUSINESS CONFIRMATION","SPECIFICATION REQUIRES BUSINESS CONFIRMATION","SPECIFICATION REQUIRES BUSINESS CONFIRMATION","SPECIFICATION REQUIRES BUSINESS CONFIRMATION","Trackless | Single track | Double track","Factory and enterprise gates | School and university entrances | Government and institutional premises | Large yards and depots","Manufacturing | Warehousing & Logistics | Infrastructure & Transit","automatic-sliding-gates | telescopic-sliding-gates | retractable-barriers","9/32 (28%)","High","Standard Automation published product page | research/market-product-research.md"
"Entrance Automation","Automatic Sliding Doors","Automatic Sliding Glass Doors","automatic-sliding-glass-doors","/products/entrance-automation/automatic-sliding-glass-doors","CONFIRMED","Sensor-operated sliding glass door systems for lobbies, retail and healthcare entrances, in single-leaf and bi-parting arrangements with defined egress behaviour.","SPECIFICATION REQUIRES BUSINESS CONFIRMATION","SPECIFICATION REQUIRES BUSINESS CONFIRMATION","SPECIFICATION REQUIRES BUSINESS CONFIRMATION","SPECIFICATION REQUIRES BUSINESS CONFIRMATION","SPECIFICATION REQUIRES BUSINESS CONFIRMATION","SPECIFICATION REQUIRES BUSINESS CONFIRMATION","Single leaf | Bi-parting | Telescopic | Break-out escape leaves","Office and corporate building lobbies | Retail and showroom entrances | Hospitals, clinics and diagnostic centres | Hotels and hospitality entrances | Institutional and public buildings","Retail & Commercial | Healthcare | Infrastructure & Transit","tripod-turnstiles | flap-barriers | fire-rated-sliding-doors","0/32 (0%)","High","Standard Automation published product page | research/market-product-research.md"
"Entrance Automation","Automatic Swing Doors","Automatic Swing Doors","automatic-swing-doors","/products/entrance-automation/automatic-swing-doors","POTENTIAL","Operator-driven swing doors for corridors, lobbies and accessible entrances, in low-energy and full-power configurations with hands-free activation.","SPECIFICATION REQUIRES BUSINESS CONFIRMATION","SPECIFICATION REQUIRES BUSINESS CONFIRMATION","SPECIFICATION REQUIRES BUSINESS CONFIRMATION","SPECIFICATION REQUIRES BUSINESS CONFIRMATION","SPECIFICATION REQUIRES BUSINESS CONFIRMATION","SPECIFICATION REQUIRES BUSINESS CONFIRMATION","Low energy | Full power | Double leaf with sequencing | Concealed operator","Hospital and clinic corridors | Accessible building entrances | Office and institutional lobbies | Upgrades to existing hinged doorsets","Healthcare | Retail & Commercial | Infrastructure & Transit","automatic-sliding-glass-doors | hermetic-cleanroom-doors | fire-rated-sliding-doors","0/32 (0%)","Medium","research/market-product-research.md | 2026-09-05 market review"
"Entrance Automation","Hermetic & Cleanroom Doors","Hermetic & Cleanroom Doors","hermetic-cleanroom-doors","/products/entrance-automation/hermetic-cleanroom-doors","POTENTIAL","Automatic sliding doors that seal on all four edges, for operating theatres, gowning rooms, material airlocks and classified production areas.","SPECIFICATION REQUIRES BUSINESS CONFIRMATION","SPECIFICATION REQUIRES BUSINESS CONFIRMATION","SPECIFICATION REQUIRES BUSINESS CONFIRMATION","SPECIFICATION REQUIRES BUSINESS CONFIRMATION","SPECIFICATION REQUIRES BUSINESS CONFIRMATION","SPECIFICATION REQUIRES BUSINESS CONFIRMATION","Single leaf | Bi-parting | Airlock interlocked pair | Shielded","Operating theatres and recovery suites | Gowning rooms and personnel airlocks | Material and equipment transfer airlocks | Classified production and packing areas | Laboratories and biotech facilities","Pharmaceutical & Cleanroom | Healthcare | Cold Chain & Food Processing","automatic-sliding-glass-doors | fire-rated-sliding-doors | automatic-swing-doors","0/32 (0%)","Medium","research/market-product-research.md | 2026-09-05 market review"
"Loading Bay Equipment","Dock Levellers","Dock Levellers","dock-levellers","/products/loading-bay/dock-levellers","CONFIRMED","Hydraulic dock levellers with 2000 and 2500 mm platforms, working above and below dock level, on a 14 mm tear plate deck rated from -35 °C to +50 °C.","2000 mm or 2500 mm (±2)","SPECIFICATION REQUIRES BUSINESS CONFIRMATION","SPECIFICATION REQUIRES BUSINESS CONFIRMATION","SPECIFICATION REQUIRES BUSINESS CONFIRMATION","SPECIFICATION REQUIRES BUSINESS CONFIRMATION","SPECIFICATION REQUIRES BUSINESS CONFIRMATION","Swing lip | Telescopic lip","Distribution centres and 3PL warehouses | Manufacturing dispatch bays | Cold chain and food logistics | Packaging and FMCG plants | Transport and freight terminals","Warehousing & Logistics | Cold Chain & Food Processing | Manufacturing | Retail & Commercial","dock-shelters-and-houses | high-speed-roll-up-door | industrial-sectional-overhead-doors","12/30 (40%)","High","Standard Automation published product page | research/market-product-research.md"
"Loading Bay Equipment","Dock Shelters & Houses","Dock Shelters & Dock Houses","dock-shelters-and-houses","/products/loading-bay/dock-shelters-and-houses","CONFIRMED","Aluminium alloy dock shelters and dock houses rated above force 10 wind with a 10–20 year service life, for heat retention and weather protection.","SPECIFICATION REQUIRES BUSINESS CONFIRMATION","SPECIFICATION REQUIRES BUSINESS CONFIRMATION","SPECIFICATION REQUIRES BUSINESS CONFIRMATION","Above force 10","SPECIFICATION REQUIRES BUSINESS CONFIRMATION","SPECIFICATION REQUIRES BUSINESS CONFIRMATION","Curtain shelter | Dock house | Inflatable shelter","Warehouse and distribution loading bays | Cold chain and temperature-controlled docks | Manufacturing and packaging dispatch | Transport and logistics terminals","Warehousing & Logistics | Cold Chain & Food Processing | Manufacturing","dock-levellers | high-speed-roll-up-door | industrial-sectional-overhead-doors","5/16 (31%)","High","Standard Automation published product page | research/market-product-research.md"
"Access Control & Vehicle Barriers","Pedestrian Access Control","Tripod Turnstiles","tripod-turnstiles","/products/access-control/tripod-turnstiles","CONFIRMED","Tripod turnstiles for controlled pedestrian entry at gate houses, staff entrances and transit points, with drop-arm emergency release.","SPECIFICATION REQUIRES BUSINESS CONFIRMATION","SPECIFICATION REQUIRES BUSINESS CONFIRMATION","SPECIFICATION REQUIRES BUSINESS CONFIRMATION","SPECIFICATION REQUIRES BUSINESS CONFIRMATION","SPECIFICATION REQUIRES BUSINESS CONFIRMATION","SPECIFICATION REQUIRES BUSINESS CONFIRMATION","Drop-arm emergency release | Stainless steel housing","Factory and plant gate houses | Corporate and IT campus entrances | Transit, stadium and venue entries | Attendance-controlled staff entrances","Manufacturing | Infrastructure & Transit | Warehousing & Logistics | Retail & Commercial","flap-barriers | full-height-turnstiles | boom-barriers","0/29 (0%)","High","Standard Automation published product page | research/market-product-research.md"
"Access Control & Vehicle Barriers","Pedestrian Access Control","Flap Barriers","flap-barriers","/products/access-control/flap-barriers","CONFIRMED","Flap barrier lanes with retracting acrylic or glass wings for corporate lobbies and high-footfall entrances, including wide accessible lanes.","SPECIFICATION REQUIRES BUSINESS CONFIRMATION","SPECIFICATION REQUIRES BUSINESS CONFIRMATION","SPECIFICATION REQUIRES BUSINESS CONFIRMATION","SPECIFICATION REQUIRES BUSINESS CONFIRMATION","SPECIFICATION REQUIRES BUSINESS CONFIRMATION","SPECIFICATION REQUIRES BUSINESS CONFIRMATION","Standard lane | Wide accessible lane","Corporate and IT campus lobbies | Commercial building receptions | Metro and transit concourses | Hotels, hospitals and public buildings","Retail & Commercial | Infrastructure & Transit | Healthcare","tripod-turnstiles | full-height-turnstiles | automatic-sliding-glass-doors","0/29 (0%)","High","Standard Automation published product page | research/market-product-research.md"
"Access Control & Vehicle Barriers","Pedestrian Access Control","Full Height Turnstiles","full-height-turnstiles","/products/access-control/full-height-turnstiles","CONFIRMED","Full height turnstiles in single and twin rotor configurations, for unsupervised perimeter entry points where over and under have to be impossible.","SPECIFICATION REQUIRES BUSINESS CONFIRMATION","SPECIFICATION REQUIRES BUSINESS CONFIRMATION","SPECIFICATION REQUIRES BUSINESS CONFIRMATION","SPECIFICATION REQUIRES BUSINESS CONFIRMATION","SPECIFICATION REQUIRES BUSINESS CONFIRMATION","SPECIFICATION REQUIRES BUSINESS CONFIRMATION","Single rotor | Twin rotor","Plant and site perimeter entry points | Data centres and restricted zones | Stadium and venue perimeters | Unmanned staff and contractor entrances","Manufacturing | Infrastructure & Transit | Warehousing & Logistics","tripod-turnstiles | flap-barriers | bollards","0/29 (0%)","High","Standard Automation published product page | research/market-product-research.md"
"Access Control & Vehicle Barriers","Vehicle Access Control","Bollards","bollards","/products/access-control/bollards","CONFIRMED","Fixed, removable and automatic rising bollards for controlling vehicle access to entrances, plazas and restricted zones while pedestrians pass freely.","SPECIFICATION REQUIRES BUSINESS CONFIRMATION","SPECIFICATION REQUIRES BUSINESS CONFIRMATION","SPECIFICATION REQUIRES BUSINESS CONFIRMATION","SPECIFICATION REQUIRES BUSINESS CONFIRMATION","SPECIFICATION REQUIRES BUSINESS CONFIRMATION","SPECIFICATION REQUIRES BUSINESS CONFIRMATION","Fixed | Removable | Automatic rising","Building entrances and forecourts | Pedestrian plazas and service access routes | Restricted zones and parking control | Campus and facility perimeters","Retail & Commercial | Infrastructure & Transit | Manufacturing","boom-barriers | retractable-barriers | full-height-turnstiles","0/28 (0%)","High","Standard Automation published product page | research/market-product-research.md"
"Access Control & Vehicle Barriers","Vehicle Access Control","Boom Barriers","boom-barriers","/products/access-control/boom-barriers","POTENTIAL","Automatic boom barriers for car park entries, plant gate houses and toll points, driven from loop detectors, readers, remotes or a gatehouse control.","SPECIFICATION REQUIRES BUSINESS CONFIRMATION","SPECIFICATION REQUIRES BUSINESS CONFIRMATION","SPECIFICATION REQUIRES BUSINESS CONFIRMATION","SPECIFICATION REQUIRES BUSINESS CONFIRMATION","SPECIFICATION REQUIRES BUSINESS CONFIRMATION","SPECIFICATION REQUIRES BUSINESS CONFIRMATION","Straight boom | Folding boom | Fence boom","Car park entries and exits | Factory and plant gate houses | Toll and weighbridge points | Campus and society vehicle entries","Retail & Commercial | Manufacturing | Infrastructure & Transit | Warehousing & Logistics","bollards | retractable-barriers | automatic-sliding-gates","0/28 (0%)","Medium","Standard Automation published product page | research/market-product-research.md"
"Access Control & Vehicle Barriers","Vehicle Access Control","Retractable Barriers","retractable-barriers","/products/access-control/retractable-barriers","POTENTIAL","Retractable barrier systems that close a wide vehicle or pedestrian line and fold back into a compact stack when the route is open.","SPECIFICATION REQUIRES BUSINESS CONFIRMATION","SPECIFICATION REQUIRES BUSINESS CONFIRMATION","SPECIFICATION REQUIRES BUSINESS CONFIRMATION","SPECIFICATION REQUIRES BUSINESS CONFIRMATION","SPECIFICATION REQUIRES BUSINESS CONFIRMATION","SPECIFICATION REQUIRES BUSINESS CONFIRMATION","Powered | Manual","Yard and service entrances | Temporary and shift-based closures | Wide site openings | Parking and access route control","Warehousing & Logistics | Manufacturing | Retail & Commercial","boom-barriers | retractable-gates | bollards","0/28 (0%)","Medium","Standard Automation published product page | research/market-product-research.md"
