"product_id","product","family","variant_id","group","field","unit","guidance","value"
"industrial-sectional-overhead-doors","Industrial Sectional Overhead Doors","Industrial Doors","","Dimensions","Maximum clear width","mm","Clear opening between finished reveals.","Up to 9 m wide"
"industrial-sectional-overhead-doors","Industrial Sectional Overhead Doors","Industrial Doors","","Dimensions","Maximum clear height","mm","","8000 mm"
"industrial-sectional-overhead-doors","Industrial Sectional Overhead Doors","Industrial Doors","","Dimensions","Minimum headroom required","mm","Space above the opening for the barrel, stack or track.","Set by the lift configuration; confirmed at survey *"
"industrial-sectional-overhead-doors","Industrial Sectional Overhead Doors","Industrial Doors","","Dimensions","Minimum side room required","mm","Per side, for guides and drive.","Confirmed at survey against the track and drive *"
"industrial-sectional-overhead-doors","Industrial Sectional Overhead Doors","Industrial Doors","","Dimensions","Lift configuration","","Standard, high, vertical or low headroom — set by the building.","Standard, high, vertical or low-headroom lift, set by the building"
"industrial-sectional-overhead-doors","Industrial Sectional Overhead Doors","Industrial Doors","","Construction","Panel material","","","Aluminium or galvanized steel, PUF insulated"
"industrial-sectional-overhead-doors","Industrial Sectional Overhead Doors","Industrial Doors","","Construction","Panel thickness","mm","","40 mm to 50 mm"
"industrial-sectional-overhead-doors","Industrial Sectional Overhead Doors","Industrial Doors","","Construction","Panel height","mm","","300 mm"
"industrial-sectional-overhead-doors","Industrial Sectional Overhead Doors","Industrial Doors","","Construction","Insulation core","","","Polyurethane foam (PUF)"
"industrial-sectional-overhead-doors","Industrial Sectional Overhead Doors","Industrial Doors","","Construction","Finish and colour","","","White or customised"
"industrial-sectional-overhead-doors","Industrial Sectional Overhead Doors","Industrial Doors","","Construction","Glazing and vision panels","","","Optional vision panels; wicket door with transparent window"
"industrial-sectional-overhead-doors","Industrial Sectional Overhead Doors","Industrial Doors","","Construction","Track and hardware","","","Steel"
"industrial-sectional-overhead-doors","Industrial Sectional Overhead Doors","Industrial Doors","","Construction","Counterbalance","","","Torsion springs with wire-rope lifting cables"
"industrial-sectional-overhead-doors","Industrial Sectional Overhead Doors","Industrial Doors","","Construction","Perimeter sealing","","","Perimeter seals around the leaf"
"industrial-sectional-overhead-doors","Industrial Sectional Overhead Doors","Industrial Doors","","Declared performance","Wind load resistance","class","EN 12424.","EN 12424"
"industrial-sectional-overhead-doors","Industrial Sectional Overhead Doors","Industrial Doors","","Declared performance","Water tightness","class","EN 12425.","Certification dependent — published against the certificate for the tested door *"
"industrial-sectional-overhead-doors","Industrial Sectional Overhead Doors","Industrial Doors","","Declared performance","Air permeability","class","EN 12426.","Certification dependent — published against the certificate for the tested door *"
"industrial-sectional-overhead-doors","Industrial Sectional Overhead Doors","Industrial Doors","","Declared performance","Thermal transmittance (U)","W/m²K","EN 12428, for the complete door.","Certification dependent — published against the certificate for the tested door *"
"industrial-sectional-overhead-doors","Industrial Sectional Overhead Doors","Industrial Doors","","Declared performance","Airborne sound reduction","dB","","Certification dependent — published against the certificate for the tested door *"
"industrial-sectional-overhead-doors","Industrial Sectional Overhead Doors","Industrial Doors","","Drive","Operator type","","","Electric or manual"
"industrial-sectional-overhead-doors","Industrial Sectional Overhead Doors","Industrial Doors","","Drive","Rated motor power","kW","","0.75 / 1.1 / 1.5 kW, sized to the leaf"
"industrial-sectional-overhead-doors","Industrial Sectional Overhead Doors","Industrial Doors","","Drive","Supply voltage","V / phase / Hz","","380 V or 220 V, 50 Hz"
"industrial-sectional-overhead-doors","Industrial Sectional Overhead Doors","Industrial Doors","","Drive","Duty rating","cycles per hour or %ED","Duty, not torque, is what usually limits an operator.","Operator sized to the duty at order *"
"industrial-sectional-overhead-doors","Industrial Sectional Overhead Doors","Industrial Doors","","Drive","Manual override","","","Manual operation available"
"industrial-sectional-overhead-doors","Industrial Sectional Overhead Doors","Industrial Doors","","Control","Control system","","","PLC with inverter and encoder"
"industrial-sectional-overhead-doors","Industrial Sectional Overhead Doors","Industrial Doors","","Control","Activation devices","","","Key switch, radio remote control, rocker switch"
"industrial-sectional-overhead-doors","Industrial Sectional Overhead Doors","Industrial Doors","","Control","Travel limit setting","","","Electronic (encoder)"
"industrial-sectional-overhead-doors","Industrial Sectional Overhead Doors","Industrial Doors","","Control","Interfaces","","Access control, traffic lights, alarm panel, interlocks.","Wicket door interlock; other interfaces configuration dependent *"
"industrial-sectional-overhead-doors","Industrial Sectional Overhead Doors","Industrial Doors","","Safety","Spring-break device","","","Arrests the spring axis and cable if a spring fails"
"industrial-sectional-overhead-doors","Industrial Sectional Overhead Doors","Industrial Doors","","Safety","Anti-fall device","","","Arrests the leaf if a lifting cable breaks"
"industrial-sectional-overhead-doors","Industrial Sectional Overhead Doors","Industrial Doors","","Safety","Obstruction detection","","","Configuration dependent, per the operator selected *"
"industrial-sectional-overhead-doors","Industrial Sectional Overhead Doors","Industrial Doors","","Safety","Finger-trap protection","","","Per the panel profile supplied *"
"industrial-sectional-overhead-doors","Industrial Sectional Overhead Doors","Industrial Doors","","Safety","Operating force limitation","","EN 12453.","Certification dependent (EN 12453) *"
"industrial-sectional-overhead-doors","Industrial Sectional Overhead Doors","Industrial Doors","","Safety","Manual release","","","Configuration dependent, per the operator selected *"
"industrial-sectional-overhead-doors","Industrial Sectional Overhead Doors","Industrial Doors","","Compliance","Product standard","","EN 13241 applies to industrial and garage doors in this market.","Certification dependent (EN 13241 field list) *"
"industrial-sectional-overhead-doors","Industrial Sectional Overhead Doors","Industrial Doors","","Compliance","Conformity marking","","","Certification dependent *"
"industrial-sectional-overhead-doors","Industrial Sectional Overhead Doors","Industrial Doors","","Compliance","Certificate reference","","Required before any rating is published.","Issued with the tested door; certification dependent *"
"industrial-sectional-overhead-doors","Industrial Sectional Overhead Doors","Industrial Doors","","Additional published data","Type code","","Published for this line but outside the standard field list.","SD40, SD50"
"industrial-sectional-overhead-doors","Industrial Sectional Overhead Doors","Industrial Doors","","Additional published data","Finish options","","Published for this line but outside the standard field list.","Powder coated or plastisol coated to any RAL colour"
"industrial-sectional-overhead-doors","Industrial Sectional Overhead Doors","Industrial Doors","","Additional published data","Options","","Published for this line but outside the standard field list.","Wicket access door, vision panels"
"industrial-sectional-overhead-doors","Industrial Sectional Overhead Doors","Industrial Doors","standard-lift","Variant — Standard lift","","","Only fill this in where the configuration changes the figure.",""
"industrial-sectional-overhead-doors","Industrial Sectional Overhead Doors","Industrial Doors","standard-lift","Variant — Standard lift","","","Only fill this in where the configuration changes the figure.",""
"industrial-sectional-overhead-doors","Industrial Sectional Overhead Doors","Industrial Doors","standard-lift","Variant — Standard lift","","","Only fill this in where the configuration changes the figure.",""
"industrial-sectional-overhead-doors","Industrial Sectional Overhead Doors","Industrial Doors","high-lift","Variant — High lift","","","Only fill this in where the configuration changes the figure.",""
"industrial-sectional-overhead-doors","Industrial Sectional Overhead Doors","Industrial Doors","high-lift","Variant — High lift","","","Only fill this in where the configuration changes the figure.",""
"industrial-sectional-overhead-doors","Industrial Sectional Overhead Doors","Industrial Doors","high-lift","Variant — High lift","","","Only fill this in where the configuration changes the figure.",""
"industrial-sectional-overhead-doors","Industrial Sectional Overhead Doors","Industrial Doors","vertical-lift","Variant — Vertical lift","","","Only fill this in where the configuration changes the figure.",""
"industrial-sectional-overhead-doors","Industrial Sectional Overhead Doors","Industrial Doors","vertical-lift","Variant — Vertical lift","","","Only fill this in where the configuration changes the figure.",""
"industrial-sectional-overhead-doors","Industrial Sectional Overhead Doors","Industrial Doors","vertical-lift","Variant — Vertical lift","","","Only fill this in where the configuration changes the figure.",""
"industrial-sectional-overhead-doors","Industrial Sectional Overhead Doors","Industrial Doors","low-headroom","Variant — Low headroom","","","Only fill this in where the configuration changes the figure.",""
"industrial-sectional-overhead-doors","Industrial Sectional Overhead Doors","Industrial Doors","low-headroom","Variant — Low headroom","","","Only fill this in where the configuration changes the figure.",""
"industrial-sectional-overhead-doors","Industrial Sectional Overhead Doors","Industrial Doors","low-headroom","Variant — Low headroom","","","Only fill this in where the configuration changes the figure.",""
"industrial-sectional-overhead-doors","Industrial Sectional Overhead Doors","Industrial Doors","glazed-vision","Variant — Glazed vision panels","","","Only fill this in where the configuration changes the figure.",""
"industrial-sectional-overhead-doors","Industrial Sectional Overhead Doors","Industrial Doors","glazed-vision","Variant — Glazed vision panels","","","Only fill this in where the configuration changes the figure.",""
"industrial-sectional-overhead-doors","Industrial Sectional Overhead Doors","Industrial Doors","glazed-vision","Variant — Glazed vision panels","","","Only fill this in where the configuration changes the figure.",""
"industrial-sectional-overhead-doors","Industrial Sectional Overhead Doors","Industrial Doors","wicket-door","Variant — Wicket access door","","","Only fill this in where the configuration changes the figure.",""
"industrial-sectional-overhead-doors","Industrial Sectional Overhead Doors","Industrial Doors","wicket-door","Variant — Wicket access door","","","Only fill this in where the configuration changes the figure.",""
"industrial-sectional-overhead-doors","Industrial Sectional Overhead Doors","Industrial Doors","wicket-door","Variant — Wicket access door","","","Only fill this in where the configuration changes the figure.",""
"aluminium-garage-doors","Aluminium Garage Doors","Industrial Doors","","Dimensions","Maximum clear width","mm","Clear opening between finished reveals.","Made to the opening; confirmed at survey *"
"aluminium-garage-doors","Aluminium Garage Doors","Industrial Doors","","Dimensions","Maximum clear height","mm","","Made to the opening; confirmed at survey *"
"aluminium-garage-doors","Aluminium Garage Doors","Industrial Doors","","Dimensions","Minimum headroom required","mm","Space above the opening for the barrel, stack or track.","Confirmed at survey *"
"aluminium-garage-doors","Aluminium Garage Doors","Industrial Doors","","Dimensions","Minimum side room required","mm","Per side, for guides and drive.","Confirmed at survey *"
"aluminium-garage-doors","Aluminium Garage Doors","Industrial Doors","","Dimensions","Lift configuration","","Standard, high, vertical or low headroom — set by the building.","Set by the headroom available above the opening *"
"aluminium-garage-doors","Aluminium Garage Doors","Industrial Doors","","Construction","Panel material","","","Aluminium sections with glazed inserts, foam filled"
"aluminium-garage-doors","Aluminium Garage Doors","Industrial Doors","","Construction","Panel thickness","mm","","Per the section chosen *"
"aluminium-garage-doors","Aluminium Garage Doors","Industrial Doors","","Construction","Panel height","mm","","Per the section chosen *"
"aluminium-garage-doors","Aluminium Garage Doors","Industrial Doors","","Construction","Insulation core","","","Foam fill (insulated panel variant) *"
"aluminium-garage-doors","Aluminium Garage Doors","Industrial Doors","","Construction","Finish and colour","","","Powder coated or plastisol coated to any RAL colour"
"aluminium-garage-doors","Aluminium Garage Doors","Industrial Doors","","Construction","Glazing and vision panels","","","Glazed aluminium sections (full-vision)"
"aluminium-garage-doors","Aluminium Garage Doors","Industrial Doors","","Construction","Track and hardware","","","2.5 mm galvanized steel, powder coated"
"aluminium-garage-doors","Aluminium Garage Doors","Industrial Doors","","Construction","Counterbalance","","","Torsion springs with wire-rope lifting cables"
"aluminium-garage-doors","Aluminium Garage Doors","Industrial Doors","","Construction","Perimeter sealing","","","Perimeter seals around the leaf"
"aluminium-garage-doors","Aluminium Garage Doors","Industrial Doors","","Declared performance","Wind load resistance","class","EN 12424.","EN 12424"
"aluminium-garage-doors","Aluminium Garage Doors","Industrial Doors","","Declared performance","Water tightness","class","EN 12425.","Certification dependent — published against the certificate for the tested door *"
"aluminium-garage-doors","Aluminium Garage Doors","Industrial Doors","","Declared performance","Air permeability","class","EN 12426.","Certification dependent — published against the certificate for the tested door *"
"aluminium-garage-doors","Aluminium Garage Doors","Industrial Doors","","Declared performance","Thermal transmittance (U)","W/m²K","EN 12428, for the complete door.","Certification dependent — published against the certificate for the tested door *"
"aluminium-garage-doors","Aluminium Garage Doors","Industrial Doors","","Declared performance","Airborne sound reduction","dB","","Certification dependent — published against the certificate for the tested door *"
"aluminium-garage-doors","Aluminium Garage Doors","Industrial Doors","","Drive","Operator type","","","Electric operator"
"aluminium-garage-doors","Aluminium Garage Doors","Industrial Doors","","Drive","Rated motor power","kW","","Operator sized to the leaf at order *"
"aluminium-garage-doors","Aluminium Garage Doors","Industrial Doors","","Drive","Supply voltage","V / phase / Hz","","220 V / 380 V / 400 V"
"aluminium-garage-doors","Aluminium Garage Doors","Industrial Doors","","Drive","Duty rating","cycles per hour or %ED","Duty, not torque, is what usually limits an operator.","Operator sized to the duty at order *"
"aluminium-garage-doors","Aluminium Garage Doors","Industrial Doors","","Drive","Manual override","","","Manual release for hand operation during a power failure"
"aluminium-garage-doors","Aluminium Garage Doors","Industrial Doors","","Control","Control system","","","Configuration dependent, per the operator selected *"
"aluminium-garage-doors","Aluminium Garage Doors","Industrial Doors","","Control","Activation devices","","","Configuration dependent *"
"aluminium-garage-doors","Aluminium Garage Doors","Industrial Doors","","Control","Travel limit setting","","","Set at commissioning *"
"aluminium-garage-doors","Aluminium Garage Doors","Industrial Doors","","Control","Interfaces","","Access control, traffic lights, alarm panel, interlocks.","Configuration dependent *"
"aluminium-garage-doors","Aluminium Garage Doors","Industrial Doors","","Safety","Spring-break device","","","Arrests the spring axis and cable if a spring fails"
"aluminium-garage-doors","Aluminium Garage Doors","Industrial Doors","","Safety","Anti-fall device","","","Arrests the leaf if a lifting cable breaks"
"aluminium-garage-doors","Aluminium Garage Doors","Industrial Doors","","Safety","Obstruction detection","","","Pneumatic (airbag) safety edge"
"aluminium-garage-doors","Aluminium Garage Doors","Industrial Doors","","Safety","Finger-trap protection","","","Per the section profile supplied *"
"aluminium-garage-doors","Aluminium Garage Doors","Industrial Doors","","Safety","Operating force limitation","","EN 12453.","Certification dependent (EN 12453) *"
"aluminium-garage-doors","Aluminium Garage Doors","Industrial Doors","","Safety","Manual release","","","Manual release for hand operation during a power failure"
"aluminium-garage-doors","Aluminium Garage Doors","Industrial Doors","","Compliance","Product standard","","EN 13241 applies to industrial and garage doors in this market.","Certification dependent (EN 13241 field list) *"
"aluminium-garage-doors","Aluminium Garage Doors","Industrial Doors","","Compliance","Conformity marking","","","Certification dependent *"
"aluminium-garage-doors","Aluminium Garage Doors","Industrial Doors","","Compliance","Certificate reference","","Required before any rating is published.","Issued with the tested door; certification dependent *"
"aluminium-garage-doors","Aluminium Garage Doors","Industrial Doors","","Additional published data","Protection class","","Published for this line but outside the standard field list.","IP55"
"aluminium-garage-doors","Aluminium Garage Doors","Industrial Doors","full-vision","Variant — Full-vision glazed","","","Only fill this in where the configuration changes the figure.",""
"aluminium-garage-doors","Aluminium Garage Doors","Industrial Doors","full-vision","Variant — Full-vision glazed","","","Only fill this in where the configuration changes the figure.",""
"aluminium-garage-doors","Aluminium Garage Doors","Industrial Doors","full-vision","Variant — Full-vision glazed","","","Only fill this in where the configuration changes the figure.",""
"aluminium-garage-doors","Aluminium Garage Doors","Industrial Doors","insulated-panel","Variant — Insulated panel","","","Only fill this in where the configuration changes the figure.",""
"aluminium-garage-doors","Aluminium Garage Doors","Industrial Doors","insulated-panel","Variant — Insulated panel","","","Only fill this in where the configuration changes the figure.",""
"aluminium-garage-doors","Aluminium Garage Doors","Industrial Doors","insulated-panel","Variant — Insulated panel","","","Only fill this in where the configuration changes the figure.",""
"residential-garage-doors","Residential Garage Doors","Industrial Doors","","Dimensions","Maximum clear width","mm","Clear opening between finished reveals.","Made to the opening; confirmed at survey *"
"residential-garage-doors","Residential Garage Doors","Industrial Doors","","Dimensions","Maximum clear height","mm","","Made to the opening; confirmed at survey *"
"residential-garage-doors","Residential Garage Doors","Industrial Doors","","Dimensions","Minimum headroom required","mm","Space above the opening for the barrel, stack or track.","Confirmed at survey *"
"residential-garage-doors","Residential Garage Doors","Industrial Doors","","Dimensions","Minimum side room required","mm","Per side, for guides and drive.","Confirmed at survey *"
"residential-garage-doors","Residential Garage Doors","Industrial Doors","","Dimensions","Lift configuration","","Standard, high, vertical or low headroom — set by the building.","Set by the headroom available above the opening *"
"residential-garage-doors","Residential Garage Doors","Industrial Doors","","Construction","Panel material","","","Galvanized steel sections with a foam core"
"residential-garage-doors","Residential Garage Doors","Industrial Doors","","Construction","Panel thickness","mm","","Per the section chosen *"
"residential-garage-doors","Residential Garage Doors","Industrial Doors","","Construction","Panel height","mm","","Per the section chosen *"
"residential-garage-doors","Residential Garage Doors","Industrial Doors","","Construction","Insulation core","","","Polyurethane foam (PUF)"
"residential-garage-doors","Residential Garage Doors","Industrial Doors","","Construction","Finish and colour","","","Per the finish selected at order *"
"residential-garage-doors","Residential Garage Doors","Industrial Doors","","Construction","Glazing and vision panels","","","Configuration dependent *"
"residential-garage-doors","Residential Garage Doors","Industrial Doors","","Construction","Track and hardware","","","2.5 mm galvanized steel, powder coated"
"residential-garage-doors","Residential Garage Doors","Industrial Doors","","Construction","Counterbalance","","","Torsion springs with wire-rope lifting cables"
"residential-garage-doors","Residential Garage Doors","Industrial Doors","","Construction","Perimeter sealing","","","Perimeter seals around the leaf"
"residential-garage-doors","Residential Garage Doors","Industrial Doors","","Declared performance","Wind load resistance","class","EN 12424.","EN 12424"
"residential-garage-doors","Residential Garage Doors","Industrial Doors","","Declared performance","Water tightness","class","EN 12425.","Certification dependent — published against the certificate for the tested door *"
"residential-garage-doors","Residential Garage Doors","Industrial Doors","","Declared performance","Air permeability","class","EN 12426.","Certification dependent — published against the certificate for the tested door *"
"residential-garage-doors","Residential Garage Doors","Industrial Doors","","Declared performance","Thermal transmittance (U)","W/m²K","EN 12428, for the complete door.","Certification dependent — published against the certificate for the tested door *"
"residential-garage-doors","Residential Garage Doors","Industrial Doors","","Declared performance","Airborne sound reduction","dB","","Certification dependent — published against the certificate for the tested door *"
"residential-garage-doors","Residential Garage Doors","Industrial Doors","","Drive","Operator type","","","Electric operator, or manual with counterbalance"
"residential-garage-doors","Residential Garage Doors","Industrial Doors","","Drive","Rated motor power","kW","","Operator sized to the leaf at order *"
"residential-garage-doors","Residential Garage Doors","Industrial Doors","","Drive","Supply voltage","V / phase / Hz","","220 V / 380 V / 400 V"
"residential-garage-doors","Residential Garage Doors","Industrial Doors","","Drive","Duty rating","cycles per hour or %ED","Duty, not torque, is what usually limits an operator.","Operator sized to the duty at order *"
"residential-garage-doors","Residential Garage Doors","Industrial Doors","","Drive","Manual override","","","Release cord disengages the operator for hand operation without power"
"residential-garage-doors","Residential Garage Doors","Industrial Doors","","Control","Control system","","","Operator control unit with handset and wall control (remote-operated variant) *"
"residential-garage-doors","Residential Garage Doors","Industrial Doors","","Control","Activation devices","","","Handset and wall control (remote-operated variant) *"
"residential-garage-doors","Residential Garage Doors","Industrial Doors","","Control","Travel limit setting","","","Set at commissioning *"
"residential-garage-doors","Residential Garage Doors","Industrial Doors","","Control","Interfaces","","Access control, traffic lights, alarm panel, interlocks.","Configuration dependent *"
"residential-garage-doors","Residential Garage Doors","Industrial Doors","","Safety","Spring-break device","","","Arrests the spring axis and cable if a spring fails"
"residential-garage-doors","Residential Garage Doors","Industrial Doors","","Safety","Anti-fall device","","","Arrests the leaf if a lifting cable breaks"
"residential-garage-doors","Residential Garage Doors","Industrial Doors","","Safety","Obstruction detection","","","Pneumatic (airbag) safety edge"
"residential-garage-doors","Residential Garage Doors","Industrial Doors","","Safety","Finger-trap protection","","","Per the section profile supplied *"
"residential-garage-doors","Residential Garage Doors","Industrial Doors","","Safety","Operating force limitation","","EN 12453.","Certification dependent (EN 12453) *"
"residential-garage-doors","Residential Garage Doors","Industrial Doors","","Safety","Manual release","","","Release cord (remote-operated variant)"
"residential-garage-doors","Residential Garage Doors","Industrial Doors","","Compliance","Product standard","","EN 13241 applies to industrial and garage doors in this market.","Certification dependent (EN 13241 field list) *"
"residential-garage-doors","Residential Garage Doors","Industrial Doors","","Compliance","Conformity marking","","","Certification dependent *"
"residential-garage-doors","Residential Garage Doors","Industrial Doors","","Compliance","Certificate reference","","Required before any rating is published.","Issued with the tested door; certification dependent *"
"residential-garage-doors","Residential Garage Doors","Industrial Doors","","Additional published data","Protection class","","Published for this line but outside the standard field list.","IP55"
"residential-garage-doors","Residential Garage Doors","Industrial Doors","remote-operated","Variant — Remote operated","","","Only fill this in where the configuration changes the figure.",""
"residential-garage-doors","Residential Garage Doors","Industrial Doors","remote-operated","Variant — Remote operated","","","Only fill this in where the configuration changes the figure.",""
"residential-garage-doors","Residential Garage Doors","Industrial Doors","remote-operated","Variant — Remote operated","","","Only fill this in where the configuration changes the figure.",""
"residential-garage-doors","Residential Garage Doors","Industrial Doors","manual","Variant — Manual with counterbalance","","","Only fill this in where the configuration changes the figure.",""
"residential-garage-doors","Residential Garage Doors","Industrial Doors","manual","Variant — Manual with counterbalance","","","Only fill this in where the configuration changes the figure.",""
"residential-garage-doors","Residential Garage Doors","Industrial Doors","manual","Variant — Manual with counterbalance","","","Only fill this in where the configuration changes the figure.",""
"fire-rated-sliding-doors","Fire Rated Sliding Doors","Fire & Safety Doors","","Dimensions","Maximum clear width","mm","Clear opening between finished reveals.","Made to the opening; confirmed at survey *"
"fire-rated-sliding-doors","Fire Rated Sliding Doors","Fire & Safety Doors","","Dimensions","Maximum clear height","mm","","Made to the opening; confirmed at survey *"
"fire-rated-sliding-doors","Fire Rated Sliding Doors","Fire & Safety Doors","","Dimensions","Minimum headroom required","mm","Space above the opening for the barrel, stack or track.","Header-mounted operator; confirmed at survey *"
"fire-rated-sliding-doors","Fire Rated Sliding Doors","Fire & Safety Doors","","Dimensions","Minimum side room required","mm","Per side, for guides and drive.","Leaf parks beside the opening; confirmed at survey *"
"fire-rated-sliding-doors","Fire Rated Sliding Doors","Fire & Safety Doors","","Leaf construction","Leaf facing material","","","HPL, painted steel or powder-coated aluminium"
"fire-rated-sliding-doors","Fire Rated Sliding Doors","Fire & Safety Doors","","Leaf construction","Leaf thickness","mm","","4.5 mm"
"fire-rated-sliding-doors","Fire Rated Sliding Doors","Fire & Safety Doors","","Leaf construction","Frame material","","","Aluminium"
"fire-rated-sliding-doors","Fire Rated Sliding Doors","Fire & Safety Doors","","Leaf construction","Shielding — lead sheet thickness","mm","","3.0 mm"
"fire-rated-sliding-doors","Fire Rated Sliding Doors","Fire & Safety Doors","","Leaf construction","Vision panel glazing","","","Single glazing in aluminium frame, or double glazing with lead glass"
"fire-rated-sliding-doors","Fire Rated Sliding Doors","Fire & Safety Doors","","Leaf construction","Glass thickness","mm","","5 mm / 6 mm"
"fire-rated-sliding-doors","Fire Rated Sliding Doors","Fire & Safety Doors","","Leaf construction","Surface finish","","Cleanability matters in clinical and classified areas.","Per the leaf facing selected *"
"fire-rated-sliding-doors","Fire Rated Sliding Doors","Fire & Safety Doors","","Fire performance","Integrity rating","minutes","Only published against a certificate for the tested assembly.","Certification dependent — published against the certificate for the tested assembly *"
"fire-rated-sliding-doors","Fire Rated Sliding Doors","Fire & Safety Doors","","Fire performance","Insulation rating","minutes","","Certification dependent — published against the certificate for the tested assembly *"
"fire-rated-sliding-doors","Fire Rated Sliding Doors","Fire & Safety Doors","","Fire performance","Test standard","","IS 3614, BS 476 Pt 22 or EN 1634-1.","Certification dependent (IS 3614, BS 476 Pt 22 or EN 1634-1, per the project specification) *"
"fire-rated-sliding-doors","Fire Rated Sliding Doors","Fire & Safety Doors","","Fire performance","Certificate reference","","","Certification dependent *"
"fire-rated-sliding-doors","Fire Rated Sliding Doors","Fire & Safety Doors","","Fire performance","Behaviour on alarm","","","Closes against its frame on a fire signal, to the agreed fire strategy"
"fire-rated-sliding-doors","Fire Rated Sliding Doors","Fire & Safety Doors","","Drive","Operator type","","","Header-mounted sliding operator"
"fire-rated-sliding-doors","Fire Rated Sliding Doors","Fire & Safety Doors","","Drive","Rated motor power","kW","","Configuration dependent, per the operator selected *"
"fire-rated-sliding-doors","Fire Rated Sliding Doors","Fire & Safety Doors","","Drive","Supply voltage","V / phase / Hz","","Configuration dependent, per the operator selected *"
"fire-rated-sliding-doors","Fire Rated Sliding Doors","Fire & Safety Doors","","Drive","Duty rating","cycles per hour or %ED","Duty, not torque, is what usually limits an operator.","Operator sized to the duty at order *"
"fire-rated-sliding-doors","Fire Rated Sliding Doors","Fire & Safety Doors","","Drive","Manual override","","","Leaf can be operated manually without power"
"fire-rated-sliding-doors","Fire Rated Sliding Doors","Fire & Safety Doors","","Control","Control system","","","Configuration dependent, per the operator selected *"
"fire-rated-sliding-doors","Fire Rated Sliding Doors","Fire & Safety Doors","","Control","Activation devices","","","Sensors, push plate or hands-free activation"
"fire-rated-sliding-doors","Fire Rated Sliding Doors","Fire & Safety Doors","","Control","Travel limit setting","","","Set at commissioning *"
"fire-rated-sliding-doors","Fire Rated Sliding Doors","Fire & Safety Doors","","Control","Interfaces","","Access control, traffic lights, alarm panel, interlocks.","Fire alarm signal; other interfaces configuration dependent *"
"fire-rated-sliding-doors","Fire Rated Sliding Doors","Fire & Safety Doors","","Safety","Presence detection","","","Holds the door open while the threshold is occupied"
"fire-rated-sliding-doors","Fire Rated Sliding Doors","Fire & Safety Doors","","Safety","Obstruction detection","","","Configuration dependent, per the operator selected *"
"fire-rated-sliding-doors","Fire Rated Sliding Doors","Fire & Safety Doors","","Safety","Escape route provision","","","Agreed against the building escape strategy *"
"fire-rated-sliding-doors","Fire Rated Sliding Doors","Fire & Safety Doors","","Safety","Manual operation without power","","","Yes — the leaf can be moved by hand"
"fire-rated-sliding-doors","Fire Rated Sliding Doors","Fire & Safety Doors","","Compliance","Product standard","","EN 16005 applies to power-operated pedestrian doorsets.","Certification dependent (EN 16005 field list for the powered doorset) *"
"fire-rated-sliding-doors","Fire Rated Sliding Doors","Fire & Safety Doors","","Compliance","Conformity marking","","","Certification dependent *"
"fire-rated-sliding-doors","Fire Rated Sliding Doors","Fire & Safety Doors","","Compliance","Certificate reference","","Required before any rating is published.","Certification dependent *"
"fire-rated-sliding-doors","Fire Rated Sliding Doors","Fire & Safety Doors","","Additional published data","Door type","","Published for this line but outside the standard field list.","Automatic sliding"
"fire-rated-sliding-doors","Fire Rated Sliding Doors","Fire & Safety Doors","","Additional published data","Door plate thickness","","Published for this line but outside the standard field list.","1.0 mm"
"fire-rated-sliding-doors","Fire Rated Sliding Doors","Fire & Safety Doors","","Additional published data","Reference size","","Published for this line but outside the standard field list.","1800 × 2100 mm"
"fire-rated-sliding-doors","Fire Rated Sliding Doors","Fire & Safety Doors","automatic","Variant — Automatic operation","","","Only fill this in where the configuration changes the figure.",""
"fire-rated-sliding-doors","Fire Rated Sliding Doors","Fire & Safety Doors","automatic","Variant — Automatic operation","","","Only fill this in where the configuration changes the figure.",""
"fire-rated-sliding-doors","Fire Rated Sliding Doors","Fire & Safety Doors","automatic","Variant — Automatic operation","","","Only fill this in where the configuration changes the figure.",""
"fire-rated-sliding-doors","Fire Rated Sliding Doors","Fire & Safety Doors","lead-lined","Variant — Lead-lined / shielded","","","Only fill this in where the configuration changes the figure.",""
"fire-rated-sliding-doors","Fire Rated Sliding Doors","Fire & Safety Doors","lead-lined","Variant — Lead-lined / shielded","","","Only fill this in where the configuration changes the figure.",""
"fire-rated-sliding-doors","Fire Rated Sliding Doors","Fire & Safety Doors","lead-lined","Variant — Lead-lined / shielded","","","Only fill this in where the configuration changes the figure.",""
"fire-rated-sliding-doors","Fire Rated Sliding Doors","Fire & Safety Doors","vision-panel","Variant — Glazed vision panel","","","Only fill this in where the configuration changes the figure.",""
"fire-rated-sliding-doors","Fire Rated Sliding Doors","Fire & Safety Doors","vision-panel","Variant — Glazed vision panel","","","Only fill this in where the configuration changes the figure.",""
"fire-rated-sliding-doors","Fire Rated Sliding Doors","Fire & Safety Doors","vision-panel","Variant — Glazed vision panel","","","Only fill this in where the configuration changes the figure.",""
"retractable-gates","Retractable Gates","Automatic Gates","","Dimensions","Maximum clear opening","mm","","30 m"
"retractable-gates","Retractable Gates","Automatic Gates","","Dimensions","Maximum leaf width","mm","","Up to 30 m (single expanding leaf)"
"retractable-gates","Retractable Gates","Automatic Gates","","Dimensions","Maximum leaf height","mm","","1.6 m"
"retractable-gates","Retractable Gates","Automatic Gates","","Dimensions","Maximum leaf weight","kg","With the operator, this is what sizes the drive.","Per the gate length; configuration dependent *"
"retractable-gates","Retractable Gates","Automatic Gates","","Dimensions","Side-run or swing room required","mm","","Parked stack length; confirmed at survey *"
"retractable-gates","Retractable Gates","Automatic Gates","","Cycle performance","Travel speed","m/min","","17–19 m/min"
"retractable-gates","Retractable Gates","Automatic Gates","","Cycle performance","Opening time for full travel","s","","Length-dependent at 17–19 m/min travel speed"
"retractable-gates","Retractable Gates","Automatic Gates","","Cycle performance","Rated daily cycles","cycles/day","","Duty dependent; confirmed at order *"
"retractable-gates","Retractable Gates","Automatic Gates","","Construction","Frame section","","","52 × 50 × 0.65 mm"
"retractable-gates","Retractable Gates","Automatic Gates","","Construction","Infill","","","Powder-coated aluminium alloy lattice (52 × 50 × 0.65 mm main, 44 × 35 × 0.6 mm cross tubes)"
"retractable-gates","Retractable Gates","Automatic Gates","","Construction","Running gear","","Wheels, rollers, cantilever carriage or hinges.","Plastic or cast aluminium, 95 mm diameter"
"retractable-gates","Retractable Gates","Automatic Gates","","Construction","Ground arrangement","","Tracked, trackless or cantilever.","No track, single track, double track"
"retractable-gates","Retractable Gates","Automatic Gates","","Construction","Posts and foundations","","","Survey dependent — sized to the ground and the track arrangement *"
"retractable-gates","Retractable Gates","Automatic Gates","","Construction","Finish and colour","","","Silver, black, red"
"retractable-gates","Retractable Gates","Automatic Gates","","Drive","Operator type","","","Electric drive, 370 / 550 / 750 W, sized to the gate length"
"retractable-gates","Retractable Gates","Automatic Gates","","Drive","Rated motor power","kW","","370 W / 550 W / 750 W"
"retractable-gates","Retractable Gates","Automatic Gates","","Drive","Supply voltage","V / phase / Hz","","220 V ±10%, 50 Hz"
"retractable-gates","Retractable Gates","Automatic Gates","","Drive","Duty rating","cycles per hour or %ED","Duty, not torque, is what usually limits an operator.","Drive sized to the duty at order *"
"retractable-gates","Retractable Gates","Automatic Gates","","Drive","Manual override","","","Manual release for hand operation during a power failure"
"retractable-gates","Retractable Gates","Automatic Gates","","Control","Control system","","","Drive control unit in the leading section *"
"retractable-gates","Retractable Gates","Automatic Gates","","Control","Activation devices","","","Radio remote control (≥ 30 m range)"
"retractable-gates","Retractable Gates","Automatic Gates","","Control","Travel limit setting","","","Set at commissioning *"
"retractable-gates","Retractable Gates","Automatic Gates","","Control","Interfaces","","Access control, traffic lights, alarm panel, interlocks.","Configuration dependent *"
"retractable-gates","Retractable Gates","Automatic Gates","","Safety","Photocells","","","Configuration dependent *"
"retractable-gates","Retractable Gates","Automatic Gates","","Safety","Safety edge","","","Configuration dependent *"
"retractable-gates","Retractable Gates","Automatic Gates","","Safety","Obstruction detection","","","Infrared sensor; auto-stop on an obstacle within 500 mm"
"retractable-gates","Retractable Gates","Automatic Gates","","Safety","Operating force limitation","","EN 12453.","Certification dependent (EN 12453) *"
"retractable-gates","Retractable Gates","Automatic Gates","","Safety","Manual release","","","Manual release for hand operation during a power failure"
"retractable-gates","Retractable Gates","Automatic Gates","","Safety","Warning light and audible warning","","","Configuration dependent *"
"retractable-gates","Retractable Gates","Automatic Gates","","Compliance","Product standard","","EN 13241 and EN 12604 apply to powered gates in this market.","Certification dependent (EN 13241 / EN 12604 field list) *"
"retractable-gates","Retractable Gates","Automatic Gates","","Compliance","Conformity marking","","","Certification dependent *"
"retractable-gates","Retractable Gates","Automatic Gates","","Compliance","Certificate reference","","Required before any rating is published.","Certification dependent *"
"retractable-gates","Retractable Gates","Automatic Gates","","Additional published data","Cross tube","","Published for this line but outside the standard field list.","44 × 35 × 0.6 mm"
"retractable-gates","Retractable Gates","Automatic Gates","","Additional published data","Operating current","","Published for this line but outside the standard field list.","≤ 2.5 A × 2"
"retractable-gates","Retractable Gates","Automatic Gates","","Additional published data","Remote control range","","Published for this line but outside the standard field list.","≥ 30 m"
"retractable-gates","Retractable Gates","Automatic Gates","","Additional published data","Working temperature","","Published for this line but outside the standard field list.","-25 °C to +75 °C"
"retractable-gates","Retractable Gates","Automatic Gates","trackless","Variant — Trackless","","","Only fill this in where the configuration changes the figure.",""
"retractable-gates","Retractable Gates","Automatic Gates","trackless","Variant — Trackless","","","Only fill this in where the configuration changes the figure.",""
"retractable-gates","Retractable Gates","Automatic Gates","trackless","Variant — Trackless","","","Only fill this in where the configuration changes the figure.",""
"retractable-gates","Retractable Gates","Automatic Gates","single-track","Variant — Single track","","","Only fill this in where the configuration changes the figure.",""
"retractable-gates","Retractable Gates","Automatic Gates","single-track","Variant — Single track","","","Only fill this in where the configuration changes the figure.",""
"retractable-gates","Retractable Gates","Automatic Gates","single-track","Variant — Single track","","","Only fill this in where the configuration changes the figure.",""
"retractable-gates","Retractable Gates","Automatic Gates","double-track","Variant — Double track","","","Only fill this in where the configuration changes the figure.",""
"retractable-gates","Retractable Gates","Automatic Gates","double-track","Variant — Double track","","","Only fill this in where the configuration changes the figure.",""
"retractable-gates","Retractable Gates","Automatic Gates","double-track","Variant — Double track","","","Only fill this in where the configuration changes the figure.",""
"dock-shelters-and-houses","Dock Shelters & Dock Houses","Loading Bay Equipment","","Dimensions","Opening width","mm","","Made to the bay"
"dock-shelters-and-houses","Dock Shelters & Dock Houses","Loading Bay Equipment","","Dimensions","Opening height","mm","","Made to the bay"
"dock-shelters-and-houses","Dock Shelters & Dock Houses","Loading Bay Equipment","","Dimensions","Projection from the building line","mm","","Sized to the bay and the vehicle mix; confirmed at survey *"
"dock-shelters-and-houses","Dock Shelters & Dock Houses","Loading Bay Equipment","","Construction","Frame material","","","Aluminium alloy"
"dock-shelters-and-houses","Dock Shelters & Dock Houses","Loading Bay Equipment","","Construction","Sealing arrangement","","Curtain, cushion or inflatable.","Curtain shelter: rubber front curtains with PVC-coated polyester-mesh or glass-fibre side curtains"
"dock-shelters-and-houses","Dock Shelters & Dock Houses","Loading Bay Equipment","","Construction","Curtain material and weight","","","Front curtain 2–3 mm rubber sheet; side curtains PVC-coated polyester mesh or glass fibre (weight to be confirmed)"
"dock-shelters-and-houses","Dock Shelters & Dock Houses","Loading Bay Equipment","","Construction","Head and side seal configuration","","","Rubber head curtain with flexible side curtains on a metal frame"
"dock-shelters-and-houses","Dock Shelters & Dock Houses","Loading Bay Equipment","","Construction","Impact behaviour","","The frame should deflect rather than load the building.","Flexible collision-avoidance frame that deflects on vehicle impact"
"dock-shelters-and-houses","Dock Shelters & Dock Houses","Loading Bay Equipment","","Construction","Finish and colour","","","Made to the bay and to requirement"
"dock-shelters-and-houses","Dock Shelters & Dock Houses","Loading Bay Equipment","","Performance","Wind loading","","","Above force 10"
"dock-shelters-and-houses","Dock Shelters & Dock Houses","Loading Bay Equipment","","Performance","Service life","years","","10–20 years"
"dock-shelters-and-houses","Dock Shelters & Dock Houses","Loading Bay Equipment","","Performance","Operating temperature","°C","","Passive seal, no powered components; suited to the ambient conditions of the bay *"
"dock-shelters-and-houses","Dock Shelters & Dock Houses","Loading Bay Equipment","","Performance","Function","","Heat retention, dust and water exclusion.","Heat retention, dustproof, waterproof"
"dock-shelters-and-houses","Dock Shelters & Dock Houses","Loading Bay Equipment","","Compliance","Product standard","","No harmonised product standard applies to dock shelters; the bay is specified as an assembly.","No harmonised product standard; the bay is specified as an assembly *"
"dock-shelters-and-houses","Dock Shelters & Dock Houses","Loading Bay Equipment","","Compliance","Conformity marking","","","Certification dependent *"
"dock-shelters-and-houses","Dock Shelters & Dock Houses","Loading Bay Equipment","","Compliance","Certificate reference","","Required before any rating is published.","Certification dependent *"
"dock-shelters-and-houses","Dock Shelters & Dock Houses","Loading Bay Equipment","curtain","Variant — Curtain shelter","","","Only fill this in where the configuration changes the figure.",""
"dock-shelters-and-houses","Dock Shelters & Dock Houses","Loading Bay Equipment","curtain","Variant — Curtain shelter","","","Only fill this in where the configuration changes the figure.",""
"dock-shelters-and-houses","Dock Shelters & Dock Houses","Loading Bay Equipment","curtain","Variant — Curtain shelter","","","Only fill this in where the configuration changes the figure.",""
"dock-shelters-and-houses","Dock Shelters & Dock Houses","Loading Bay Equipment","dock-house","Variant — Dock house","","","Only fill this in where the configuration changes the figure.",""
"dock-shelters-and-houses","Dock Shelters & Dock Houses","Loading Bay Equipment","dock-house","Variant — Dock house","","","Only fill this in where the configuration changes the figure.",""
"dock-shelters-and-houses","Dock Shelters & Dock Houses","Loading Bay Equipment","dock-house","Variant — Dock house","","","Only fill this in where the configuration changes the figure.",""
"dock-shelters-and-houses","Dock Shelters & Dock Houses","Loading Bay Equipment","inflatable","Variant — Inflatable shelter","","","Only fill this in where the configuration changes the figure.",""
"dock-shelters-and-houses","Dock Shelters & Dock Houses","Loading Bay Equipment","inflatable","Variant — Inflatable shelter","","","Only fill this in where the configuration changes the figure.",""
"dock-shelters-and-houses","Dock Shelters & Dock Houses","Loading Bay Equipment","inflatable","Variant — Inflatable shelter","","","Only fill this in where the configuration changes the figure.",""
